﻿Designator,Footprint,Quantity,Value,LCSC Part #
"3.3, GND1, GPIO1, GPIO2, GPIO3, GPIO4, GPIO5, GPIO6, IRE1, IRE2, IRE3, IRE4, IRE5, IRR1, IRR2, IRR3, IRR4, IRR5, LM1, LM2, RM1, RM2, USB1",TestPoint_THTPad_2.0x2.0mm_Drill1.0mm,23,Testpoint,
BAT1,TestPoint_THTPad_2.0x2.0mm_Drill1.0mm,1,Battery,
"C1, C11, C13, C14, C15, C3, C4, C5, C6, C7",0805,10,0.1uF,
"C10, C2",0805,2,10uF,
"C8, C9",0805,2,4.7uF,
D1,0603,1,RED,
D2,D_SOD-323,1,1N4148WS,C2128
"D3, D4, D5, D6, D7",LED_D5.0mm_IRGrey,5,IR,
D8,0603,1,GREEN,
D9,0603,1,BLUE,
"J1, J2",JST_XH_B2B-XH-A_1x02_P2.50mm_Vertical,2,JST-XH,
J3,PinHeader_1x04_P2.54mm_Vertical,1,Color_Pins,
J4,PinHeader_1x04_P2.54mm_Vertical,1,Gyro_Pins,
J5,JST_XH_B6B-XH-A_1x06_P2.50mm_Vertical,1,left_motor_connector,
J6,JST_XH_B6B-XH-A_1x06_P2.50mm_Vertical,1,right_motor_connector,
J7,GCT_USB4145-03-0230-C_REVA2,1,USB4145-03-0230-C_REVA2,
"JTAG1, UART1",PinHeader_1x04_P2.54mm_Vertical,2,2.54MaleDupon,
Q1,SOT-23,1,AO3401A,
"Q2, Q3, Q4, Q5, Q6",SOT-23,5,2N7002,
"R1, R28, R29, R30",0603,4,5.1k,C23186 
"R10, R12, R4, R6, R8",0603,5,1.8k Ohm,
"R11, R3, R5, R7, R9",LED_D5.0mm_IRBlack,5,R_Photo,
"R13, R16, R19, R22, R25",0603,5,100 Ohm,
"R14, R17, R20, R23, R26",0603,5,47k Ohm,
"R15, R18, R21, R24, R27",0603,5,51 Ohm,
R2,0603,1,3.3k,C22978
R32,0603,1,10k,C22978
SW1,SW_DIP_SPSTx01_Slide_9.78x4.72mm_W7.62mm_P2.54mm,1,Battery_SW,
SW2,SW_Push_1P1T_XKB_TS-1187A,1,SW_Enable,
SW3,SW_Push_1P1T_XKB_TS-1187A,1,SW_Boot,
U1,SOT-223-3_TabPin2,1,AMS1117-3.3,
U2,DIP-16_W7.62mm,1,L293D,
U3,ESP32-S2-MINI-1,1,ESP32-S3-MINI-1,
U4,SOT-23-6,1,USBLC6-2SC6,
